Altium Designer Pick and Place Locations
C:\Users\The_F\AppData\Local\TempReleases\Snapshot\1\Assembly\Pick Place\Pick Place for ACME_Tipo_T3s.csv

========================================================================================================================
File Design Information:

Date:       15/11/24
Time:       17:47
Revision:   Not in VersionControl
Variant:    No variations
Units used: mm

"Designator","Layer","Center-X(mm)","Center-Y(mm)","Rotation"
"C10","TopLayer","220,0000mm","11,4000mm","180"
"C9","TopLayer","220,0000mm","13,9000mm","180"
"C11","TopLayer","220,0000mm","8,9000mm","180"
"C8","TopLayer","220,0000mm","16,5000mm","180"
"C12","TopLayer","220,0000mm","6,4000mm","180"
"C7","TopLayer","220,0000mm","19,1000mm","180"
"CPP3","TopLayer","193,0000mm","15,2000mm","0"
"CPP1","TopLayer","193,0000mm","5,2000mm","0"
"CPP2","TopLayer","193,0000mm","10,2000mm","0"
"Y1","TopLayer","156,5000mm","7,7500mm","270"
"C1","TopLayer","245,5000mm","19,1000mm","180"
"C6","TopLayer","245,5000mm","6,4000mm","180"
"C2","TopLayer","245,5000mm","16,5000mm","180"
"C5","TopLayer","245,5000mm","8,9000mm","180"
"C3","TopLayer","245,5000mm","13,9000mm","180"
"C4","TopLayer","245,5000mm","11,4000mm","180"
"L1","TopLayer","237,5000mm","12,7000mm","0"
"L2","TopLayer","207,5000mm","12,7000mm","0"
"R1","TopLayer","205,0125mm","7,7000mm","0"
"D7","TopLayer","210,5000mm","7,7000mm","180"
"C16","TopLayer","170,5000mm","19,2000mm","0"
"C20","TopLayer","133,0000mm","22,7000mm","180"
"C19","TopLayer","151,5000mm","2,5000mm","0"
"C18","TopLayer","138,0000mm","22,2000mm","45"
"C17","TopLayer","147,5000mm","3,7000mm","225"
"C24","BottomLayer","280,5000mm","16,2000mm","180"
"C23","BottomLayer","2,5000mm","11,7000mm","270"
"C25","TopLayer","10,0000mm","12,6876mm","90"
"C26","TopLayer","275,0000mm","12,7125mm","270"
"C27","TopLayer","81,0000mm","18,5000mm","180"
"ISP","TopLayer","123,7000mm","12,7000mm","90"
"SUSI","TopLayer","80,0750mm","12,7000mm","90"
"R19","TopLayer","74,0125mm","11,2000mm","0"
"R20","TopLayer","73,9876mm","14,2000mm","0"
"Q7","BottomLayer","208,2600mm","22,7000mm","0"
"R15","BottomLayer","203,7724mm","22,7000mm","180"
"Q6","BottomLayer","150,7200mm","22,7000mm","0"
"R14","BottomLayer","146,2325mm","22,7000mm","180"
"Q5","BottomLayer","93,1800mm","22,7000mm","0"
"R13","BottomLayer","88,6924mm","22,7000mm","180"
"C21","TopLayer","156,5000mm","10,5000mm","180"
"C22","TopLayer","156,5000mm","5,0000mm","0"
"R10","TopLayer","123,4876mm","6,2000mm","0"
"R11","TopLayer","123,5125mm","3,7000mm","0"
"U1","TopLayer","142,5000mm","12,7000mm","315"
"D4","TopLayer","269,0000mm","10,7000mm","180"
"D3","TopLayer","269,0000mm","14,7000mm","0"
"D2","TopLayer","262,5000mm","10,7000mm","0"
"D1","TopLayer","262,5000mm","14,7000mm","180"
"RLDB3","BottomLayer","199,5125mm","8,2000mm","180"
"C13","TopLayer","214,5125mm","16,7000mm","180"
"C14","TopLayer","201,5000mm","15,7000mm","270"
"C15","TopLayer","201,5000mm","9,7000mm","90"
"CPP4","TopLayer","193,0000mm","20,2000mm","0"
"D5","TopLayer","263,5000mm","19,7000mm","0"
"D6","TopLayer","208,5000mm","17,7000mm","180"
"D8","TopLayer","185,0000mm","19,2000mm","270"
"R2","TopLayer","214,5125mm","9,7000mm","0"
"R3","TopLayer","185,0000mm","12,7000mm","90"
"Q2","TopLayer","170,5000mm","12,7000mm","270"
"Q3","TopLayer","170,5000mm","4,7000mm","0"
"R7","TopLayer","170,5125mm","21,7000mm","0"
"R8","TopLayer","170,4876mm","16,5000mm","0"
"R9","TopLayer","170,4876mm","8,7000mm","0"
"Z1","TopLayer","185,0000mm","6,2000mm","0"
"R5","TopLayer","230,0000mm","12,7000mm","90"
"Q1","TopLayer","225,5000mm","12,7000mm","90"
"IC1","TopLayer","214,5000mm","12,7000mm","180"
"Drv","TopLayer","202,0000mm","20,5000mm","180"
"R18","BottomLayer","271,9876mm","16,7000mm","0"
"R17","BottomLayer","16,3124mm","3,7000mm","180"
"Q10","BottomLayer","272,0000mm","12,7000mm","90"
"Q9","BottomLayer","11,5000mm","3,7000mm","180"
"PluX22","BottomLayer","36,0000mm","11,7000mm","270"
"RLP14","BottomLayer","255,9324mm","21,2000mm","180"
"RLP13","BottomLayer","236,7525mm","21,2000mm","180"
"LP14","BottomLayer","255,9200mm","23,5000mm","0"
"LP13","BottomLayer","236,7400mm","23,5000mm","0"
"LDE1","BottomLayer","43,1000mm","6,2000mm","180"
"LDE2","BottomLayer","77,9000mm","6,2000mm","180"
"LDE3","BottomLayer","100,9000mm","6,2000mm","180"
"LDE4","BottomLayer","134,7000mm","6,2000mm","180"
"LDB1","BottomLayer","156,7000mm","6,2000mm","0"
"LDB2","BottomLayer","180,5000mm","6,2000mm","0"
"LDB3","BottomLayer","199,5000mm","6,2000mm","0"
"LDB4","BottomLayer","223,3000mm","6,2000mm","0"
"LDB5","BottomLayer","242,3000mm","6,2000mm","0"
"LDB6","BottomLayer","266,1000mm","6,2000mm","0"
"LNE1","BottomLayer","43,1000mm","13,2000mm","180"
"LNE2","BottomLayer","77,9000mm","13,2000mm","180"
"LNE3","BottomLayer","100,9000mm","13,2000mm","180"
"LNE4","BottomLayer","134,7000mm","13,2000mm","180"
"LNB1","BottomLayer","156,7000mm","13,2000mm","0"
"LNB2","BottomLayer","180,5000mm","13,2000mm","0"
"LNB3","BottomLayer","199,5000mm","13,2000mm","0"
"LNB4","BottomLayer","223,3000mm","13,2000mm","0"
"LNB5","BottomLayer","242,3000mm","13,2000mm","0"
"LNB6","BottomLayer","266,1000mm","13,2000mm","0"
"LS","BottomLayer","13,5000mm","21,2000mm","180"
"RLDE1","BottomLayer","43,0876mm","8,2000mm","0"
"RLDE2","BottomLayer","77,8876mm","8,2000mm","0"
"RLDE3","BottomLayer","100,8876mm","8,2000mm","0"
"RLDE4","BottomLayer","134,6876mm","8,2000mm","0"
"RLDB1","BottomLayer","156,7124mm","8,2000mm","180"
"RLDB2","BottomLayer","180,5125mm","8,2000mm","180"
"RLDB4","BottomLayer","223,3125mm","8,2000mm","180"
"RLDB5","BottomLayer","242,3125mm","8,2000mm","180"
"RLDB6","BottomLayer","266,1125mm","8,2000mm","180"
"RLNE1","BottomLayer","43,0876mm","11,2000mm","0"
"RLNE2","BottomLayer","77,8876mm","11,2000mm","0"
"RLNE3","BottomLayer","100,8876mm","11,2000mm","0"
"RLNE4","BottomLayer","134,6876mm","11,2000mm","0"
"RLNB1","BottomLayer","156,7124mm","11,2000mm","180"
"RLNB2","BottomLayer","180,5125mm","11,2000mm","180"
"RLNB3","BottomLayer","199,5125mm","11,2000mm","180"
"RLNB4","BottomLayer","223,3125mm","11,2000mm","180"
"RLNB5","BottomLayer","242,3125mm","11,2000mm","180"
"RLNB6","BottomLayer","266,1125mm","11,2000mm","180"
"RLS","BottomLayer","9,0124mm","21,2000mm","180"
"R16","BottomLayer","223,0125mm","22,7000mm","180"
"Q8","BottomLayer","227,5000mm","22,7000mm","0"
"RLP15","BottomLayer","278,5000mm","12,6876mm","270"
"RLP12","BottomLayer","217,5725mm","21,2000mm","180"
"RLP11","BottomLayer","198,3924mm","21,2000mm","180"
"RLP10","BottomLayer","179,2124mm","21,2000mm","180"
"RLP9","BottomLayer","160,0325mm","21,2000mm","180"
"RLP8","BottomLayer","140,8525mm","21,2000mm","180"
"RLP7","BottomLayer","121,6724mm","21,2000mm","180"
"RLP6","BottomLayer","102,4925mm","21,2000mm","180"
"RLP5","BottomLayer","83,3124mm","21,2000mm","180"
"RLP4","BottomLayer","64,1325mm","21,2000mm","180"
"RLP2","BottomLayer","24,2088mm","15,7088mm","225"
"RLP3","BottomLayer","44,9524mm","21,2000mm","180"
"RLP1","BottomLayer","8,0000mm","11,6876mm","90"
"R12","BottomLayer","55,4876mm","22,7000mm","0"
"Q4","BottomLayer","50,0000mm","22,7000mm","0"
"LP15","BottomLayer","282,0000mm","12,7000mm","90"
"LP12","BottomLayer","217,5600mm","23,5000mm","0"
"LP11","BottomLayer","198,3800mm","23,5000mm","0"
"LP10","BottomLayer","179,2000mm","23,5000mm","0"
"LP9","BottomLayer","160,0200mm","23,5000mm","0"
"LP8","BottomLayer","140,8400mm","23,5000mm","0"
"LP7","BottomLayer","121,6600mm","23,5000mm","0"
"LP6","BottomLayer","102,4800mm","23,5000mm","0"
"LP5","BottomLayer","83,3000mm","23,5000mm","0"
"LP4","BottomLayer","64,1200mm","23,5000mm","0"
"LP3","BottomLayer","44,9400mm","23,5000mm","0"
"LP2","BottomLayer","22,2000mm","17,7000mm","315"
"LP1","BottomLayer","5,0000mm","11,7000mm","90"
"R4","TopLayer","225,4876mm","9,5000mm","0"
"R6","TopLayer","225,4624mm","15,7836mm","0"
